example_id,customer_tweet_id,historical_reply
golden-001,1089,"@129069 I hear ya, EJ. We've got other devices available too. DM us. We can check to see what zero down options you have. *GiselleM"
golden-002,1299,"@115951 @115913 We always want to keep you connected, Don. Please DM us; we'll explore every option. https://t.co/lH0SH5fy2m *MikeRice"
golden-003,4094,"@583689 Hey, Cristina! A Twitter account isn't necessary to play. Just download the T-Mobile Tuesdays app on your phone to get thanked! *JasonBurr"
golden-004,6577,"@285523 Hey Mitchel, let's see if we can get to the bottom of this rebate. Send us a DM and we can assist. *ChanneyT"
golden-005,15849,@264677 @115913 We have so many great reasons for you to join our #MagentaFamily! Check out a few here https://t.co/E8GMn7Wugd We can also check that important coverage to see what to expect. DM us for a closer look https://t.co/Et1Fu7xZtb *BarbPelotte
golden-006,15853,"@283773 @115913 We absolutely want you to have a reliable connection, Amy. Kindly send a DM my way to chat. https://t.co/EdLkYIfmTn *MariahDaigle"
golden-007,15918,"@802137 @115913 Hey Steve! I'd love to work with you to sort this out. It's important to get that new phone ASAP. Send me a DM, so we can chat. https://t.co/3sF8qpf2nx *AlissaFast"
golden-008,16229,@119473 I submitted a trouble ticket for you. We will allow 72 business hours for resolution. A complaint has been create... https://t.co/sSF5d9sCW3
golden-009,17981,@119744 Delightful! We'll be here if you ever need us again! *MikeVance
golden-010,18781,"@120196 Lets figure out what's going on Maria, DM us! *MelJ"
golden-011,19523,"@763728 @115913 @115911 @115725 We appreciate your LOYALTY! Thank you for sending us your DMs. I just replied to you, meet you back in your inbox shortly! *AshHebron"
golden-012,29040,"@122741 Could you DM us details on this, Gina? We want to take a closer look! *ElleA"
golden-013,32520,"@582191 You would be able to check out your order on the T-Mobile application, Lee! 
We can also check this for you. Send us a DM! :) *RickK"
golden-014,37110,@580984 @115913 With T-Mobile you'll get sweet free gifts every week! https://t.co/9kv7eznV7E *DanKing
golden-015,37119,"@471418 @115913 I want to get to the bottom of these charges, Serge. Please DM us. https://t.co/lH0SH5fy2m *MikeRice"
golden-016,37132,@256522 @115913 Check out our tourist plan https://t.co/MyrfUDsTK2! Send me a DM if you have any questions. https://t.co/PbJEgtqanO *JeromyBingham
golden-017,37168,@648148 @115913 Imagine the savings we could provide over 10 years! Check out what we offer right here https://t.co/cCRIl0Fcnu *RachaelTansey
golden-018,37191,"@679222 @115913 I see that we had chatted with you yesterday to get this resolved. If you need further assistance, we're only a DM away. *MariahDaigle"
golden-019,42742,@125454 You kid has some strength. DM us and let's look into all your options with us. Let's see what we can do. *JamieK
golden-020,42746,"@125456 James, you deserve to have your device. DM us and let's see what happened so we can turn this around for you. *JamieK"
golden-021,44939,@125943 I'm here to turn this around for you!📱📱DM me here: https://t.co/Op5C2z3lou *ChelseaBailey
golden-022,45429,@126053 @115913 I truly do not want to see you go. Click on my picture https://t.co/Mww69Rzn7a to send me a DM so I can look into this with you. *AshleyNelson
golden-023,58308,@129242 Hey there! Thank you for reaching out. I see your DM and will be replying in just a moment. :) *AlexSemsch
golden-024,81459,@728202 @115913 You should love your service. Click on my picture https://t.co/Mww69Rzn7a to send me a DM so I can look into this with you. *AshleyNelson
golden-025,84049,"@134472 Hey Tony, send me a DM https://t.co/oJwi530Mfi let's talk. :) *KiaWashington"
golden-026,84054,@134473 @115913 We’re always looking for the next great teammate and welcome your enthusiasm!  You can find a complete list of opportunities here https://t.co/BY6p8p5goE Good luck! https://t.co/Et1Fu7xZtb *BarbPelotte
golden-027,96273,@136984 @115913 Hi! We've got your DMs and will be replying ASAP. *AlissaFast
golden-028,164036,"@153972 @115913 Our awesome BOGO deals are available for our loyal customers as well when adding a line to a applicable plan. Check out the details, here: https://t.co/38Et9rf5Dp *DanKing"
golden-029,164050,"@153976 I am certain we can find something for you, if you want to send us a DM. *JPL"
golden-030,168553,"@155240 We love all of our customers! I'd love to see what's going on and turn this around, so send me a DM https://t.co/so3NREySxr, and we can get started. *ChrisScott"
golden-031,175816,"@157325 @115913 Our offer to help is sincere, Tyler. I hope to see you in DM so we can get to the bottom of this together. *TaylorBest"
golden-032,175839,"@157332 @115913 We'd love to have on on #TeamMagenta, shoot me a DM and we'll get started https://t.co/Nr93OTtXRx *TaylorBest"
golden-033,175848,"@157337 We ❤️ it so much that you joined into the #TMobileFamily! I am super excited that we were able to help you and get you all taken care of! If you ever need us again, feel free to send a DM. 😎 T-Force will be with you...always. 👏 Welcome to the Magenta side! *MikeVance"
golden-034,188772,@160306 Oh no! :( That's not the experience we want for you! Please DM us here: https://t.co/gAmFrAsnx1 *PatrickUllmann
golden-035,188799,@160310 @115913 You can still totally bring the new Pixel to our network unlocked without adding additional lines. *DanKing
golden-036,213014,"@174973 @115913 You can purchase it directly from Google unlocked, check out details here: https://t.co/ZpUYFrAEQJ *TaylorBest"
golden-037,224138,"@169557 We want you rocking amazing speeds Nick, send us a DM so we can take a closer look and get this turned around! *KittyG"
golden-038,227571,@170282 @115913 You should have fast data. Click https://t.co/Mww69Rzn7a to send a DM so I can review and assist. *AshleyNelson
golden-039,237969,@172633 absolutely! Go ahead and DM me and let's get this going! https://t.co/ezZMoc7QXB *GraceFranco
golden-040,240916,"@173221 @115913 We want to make sure you're getting the best service available, Jesse. DM us what you're seeing there: https://t.co/cuEwtd2epS *DanKing"
golden-041,241223,"@173266 @115913 We'll get to the bottom of this together, DM me and we'll dig in https://t.co/Nr93OTtXRx *TaylorBest"
golden-042,250522,"@175546 Is there a reason why you want to cancel the order, Justine?
Send us a DM. We're here for you. *RickK"
golden-043,256095,"@176922 Wow okay and I do have a question, did you get the Note 8 that was ordered? *MiggyHerrera"
golden-044,258977,@177574 @115913 Hey Ray! We'll get all of your promo questions squared away. DM me https://t.co/Nr93OTtXRx *TaylorBest
golden-045,258983,@177576 Having great service where you live is super important and I want to investigate for you. Shoot me a DM and I can help. *JPL
golden-046,260768,"@178085 Hey, Emanuel. You can take advantage of this offer. How many lines do you currently have? *NaeJ"
golden-047,260935,@178124 Perfect! I just replied back! :) *JannaPrivett
golden-048,264583,"@745859 We certainly don't want you to leave and would love to come up with a solution for you, Mark! Send us a DM here so we can chat and turn this around for ya. *BlakeT"
golden-049,264910,"@179110 We don't have confirmed JOD pricing yet, but stay tuned! Make sure you pre-register here: https://t.co/laOidw4foB :D *AbigailRoach"
golden-050,266975,"@179631 @115913 Let's dive in and check out that area for you, Erik. Please DM us to start. https://t.co/lH0SH5fy2m *MikeRice"
golden-051,271010,"@180651 Send us a DM and we can take a look at your options, Brian! We have your back! *TerriL"
golden-052,283680,"@611778 @115913 It's super important to us that you're charged correctly, Judy. Please send a DM our way: https://t.co/cuEwtd2epS *DanKing"
golden-053,299134,@295865 @115913 Trade in an eligible handset and get $300 off the new iPhone! *TaylorBest
golden-054,299758,@187458 Hmm! Let's see what we can do to get you reconnected with our chat support. DM me; we'll check it out: https://t.co/HuQi0EoCEV. *JasonBurr
golden-055,302732,@188245 @115913 I shot you a DM to make sure we get this fixed. We've got your back and will get this resolved. https://t.co/93XwcSKFIy *RayButler
golden-056,313090,@190767 Getting you the reception you need in Palo Alto is absolutely CRUCIAL! Please DM me here: https://t.co/EoqAVShpFT *AustinWebb
golden-057,316971,"@362511 Hey there, Alex! Please send over a DM and let's get you hooked up! We are here to assist! *BrookeK"
golden-058,325996,"@193663 Hey Marvin! Never heard back from your DM yesterday! Shoot me a DM, and I'll solve your Digits troubles. *DannyHarvey"
golden-059,332157,"@195085 We would love to assist you and confirm the options that'll work for you, Leander. Send us a DM so we can follow up. *KeithM"
golden-060,333744,@195519 Good afternoon! I can get you the help you need. Please DM me here https://t.co/LCoTGMV7tC. *KennethStone
golden-061,337870,@180086 Or I could save the day right now!! I'll be responding to your DM soon! *DannyHarvey
golden-062,344215,@423490 @115913 We absolutely want to get you on Team Magenta! You can get started online here: https://t.co/h1zext6aBw *MikeRice
golden-063,344224,"@544695 @115913 That's correct. You can check out more info about domestic roaming, here: https://t.co/8nnQ1ADtdF DM anytime if we can help further *DanKing"
golden-064,346804,@198579 @115913 Thanks! I see your DM &amp; am working to respond in a moment. :) https://t.co/ZxXpYRedaq *NicholasTomchik
golden-065,353336,"@199922 We want to look into this with you, Louis. Please click this link to send us a Direct Message: https://t.co/cuEwtd2epS *DanKing"
golden-066,354169,"@200211 The iPhone X is beautiful!  T-Force is here to help, please DM and we can get started! *Lisa Galvan"
golden-067,365395,"@202554 Ah, that doesn't sound fun. We're here for you and we'll get to the bottom of this. DM us here so we can help out. *BlakeT"
golden-068,367649,@203088 A DM is on its way to you. We are on your side. :) *AdrianAlbright
golden-069,370121,"@203656 @115913 I truly want to turn this all around for you, Richard. Please DM us when you can. https://t.co/lH0SH5fy2m *MikeRice"
golden-070,375936,"@205160 Hey Chiqui, let's take a closer look and get this straightened out so you can use your smartwatch! Send us a DM :) *KittyG"
golden-071,390948,"@197867 I always want you to have a solid answer. Please send me a DM, and we can talk. :) https://t.co/NICrRPn7OP *SierraRichards"
golden-072,392002,"@208816 We would be happy to assist you, Manny! Feel free to send us a DM and we can chat about your options! *BrookeK"
golden-073,397519,"@210124 To send me a DM, please click on my profile below. #WereHereForYou https://t.co/6NxKsl5RJm I appreciate it. *JoshHenegar"
golden-074,403241,@211418 Hey!  What's going on? Send us a DM and we can look into this for you. https://t.co/WZM6cbcgHU *JonPorter
golden-075,415268,"@214022 Just got your DM, my friend! Responding as we speak and ready to help! Chat soon :) *AlexKimbrell https://t.co/GefRnVHVqu"
golden-076,415564,@190768 Heyo!!! Message me! I'll take a looksie into this! https://t.co/AOoa9gGRQH!! *BialyQuinonez
golden-077,419518,@215043 Yes we have options! Please send us a DM and we can talk more in depth. :) https://t.co/hBbPBuzTo1 Thank you! *EdBatangan
golden-078,428435,@216902 Thanks so much for reaching out!  Can you shoot me a DM? - https://t.co/pPPWxmt76F *JohnKuhn
golden-079,429303,"@151767 Hmmm, Gina, let's take a closer look at this for you. Send us a DM and we'll check it out. *WhitneyJ"
golden-080,435977,"@218556 Let's figure this out, James. We're here for ya! DM us so we can get you texting again. *BlakeT"
golden-081,438303,"@219132 Wow, that's some unusual behavior. Please DM to tell us more! *JohnWard"
golden-082,441123,"@429469 Hey Jeffrey, send us a DM if you'd like us to clear anything up! We're here for you! *ChanneyT"
golden-083,446549,@220782 Let me be your Zola and help make your switch awesome for you. 😄 I'll be here to answer all of your magenta questions if you need me. Feel free to shoot me a DM! 👌 https://t.co/soWScqBSGm *JohnAnderson
golden-084,449029,"@221391 Whoaaa! This isn't the feedback we strive for, send me a DM https://t.co/9IUH5Nit1g and we can figure this out! *AmberSellers"
golden-085,450228,"@807375 I'm not a fan of any surprise charges on my bills with any company. I'm all for budgeting so, I wouldn't want any billing concerns either. The UnCarrier is all about bill consistency and fixing any issues. Send us a DM so  T-Force can assist! *KeithM"
golden-086,451085,@221959 We can assist you. But you need to send us a DM. Looking forward to seeing you there. *RickK
golden-087,459362,"@224118 Oh no! Shoot me a DM, and we will look into this for you! https://t.co/jjKemKyHlV *AlexisGovea"
golden-088,464617,@144667 Yes! We're the jack of all trades here at T-Force. Just like our counterparts that operate over the phones and in-stores except on social media. We can head into DM and talk specifics. :) https://t.co/GAqK5BaXyk *JoySimmons
golden-089,466322,"@225963 I'd love to look into this, Steve! Shoot me a DM https://t.co/dzjAJQ2bkx *SoRaYi"
golden-090,480141,@229110 It sure can! Check out more deets on our #TouristPlan here: https://t.co/mVn1SbNeG9 and send me a DM https://t.co/9IUH5Nit1g with any questions! *AmberSellers
golden-091,492908,"@232525 Whoa, Kyle. Not a pleasant surprise to see any bill go up unexpectedly. I assure you we lead with bill consistency so, let's make sure there's no surprises going forward. Send us a DM so we can further review. *KeithM"
golden-092,506289,"@236156 Hey there, I can surely look into that for you. Click my pic and send me a DM. https://t.co/qq38zTagl4 *JessicaCanada"
golden-093,514505,@241052 @115913 Kevin! You #12DaysOfMagenta jingle is a hit and you are a Day 1 winner of a Revvl Plus! We are so excited to bring this to you so please send a DM our way ASAP to claim your prize! *JennaLundh
golden-094,520120,"@240040 Those words cut deep! We know you don't mean it though, shoot us a DM if there's something we can help with! https://t.co/033FgbQAw8 *KyleVesely"
golden-095,520138,@240041 @115913 We want you to have an exceptional experience when you visit our stores. I'd love to get some details from you. Let's chat in DM https://t.co/7gT2t6PtXx. *StephanieGarza
golden-096,520142,@240042 Send us a DM so we can take a look at your reimbursement submission and see what's going on. We want to help! *KittyG
golden-097,521172,"@240310 Let's make sure everything is working correctly on your device, Christopher! Send us a DM and we can assist further. *TarynS"
golden-098,546214,@247004 Not the way you want to start your weekend but you're in the right place! Please send a DM and we'll be all over this like cheese on nachos! *EmilySchooley
golden-099,561475,@251389 Send me a direct message (DM) you can just click my photo and there's a link to do it ! https://t.co/NDZulBnDGq *PhungDao
golden-100,566524,"@225468 @115913 We'd love to have you on #TeamMagenta! Our Carrier Freedom program is incredible, but purchasing a new handset is a requirement. DM me if we can help you make the big switch https://t.co/Nr93OTtXRx *TaylorBest"
golden-101,570709,@254020 @115913 Your magenta holiday jam qualified as a winner for day 2 of #12DaysOfMagenta! Please DM us for more details on your speaker. *JennaLundh
golden-102,572284,@254462 Ayyye! We always have a bunch of great promos! Let's check it out! Just shoot me a DM here https://t.co/QHDTFHxSPu and let me know what phone you're looking for and we can check it out! Thanks! *KrystnYogi
golden-103,573463,@254809 Oh no! I know I wouldn't be ok not being able to send my epic selfies! 🤳 I've got your back! Please send me a DM: https://t.co/4lHu3HURzy. Thank you! *TylerRoquemore
golden-104,597691,"@261698 No worries we are here 24/7 for your support, DM us when you can. :) Try this link instead: https://t.co/u1Y21IzQ2T *TracyThompson"
golden-105,602154,@262931 We got you John! Send us a DM at this handle and we'll meet you there! *KittyG
golden-106,610654,"@265190 Good afternoon, and thanks so much for reaching out!! Let me look at a few things and I will be right back!! :) *CamiCutsforth"
golden-107,623440,"@126401 @115913 Hey! Check out our Black Friday offers here: https://t.co/p6mO5INt1p They are available for all of our customers, new and existing! *AlissaFast"
golden-108,623561,@268011 I'd love to help you see things clearly! Shoot me a DM https://t.co/BXDdporH4e *JenniferRivera
golden-109,623898,"@268094 Oh no, Rosa! Let's get you squared away! DM us! *MelindaR"
golden-110,624377,"@268206 10 cents is a very specific charge, Bronwyn. Stick with us on the call. Our representative will sort this out with you. *JamieK"
golden-111,624385,@268208 Takes one to know one! We look forward to you dropping a kamehameha on your previous carrier! 🔥♥🐉 *TylerRoquemore
golden-112,634384,"@270411 Thank you so much for the DM, I would love to work with you today to turn this experience around. Meet me back, in DM, and we'll get started!  https://t.co/QdMOv35qgk *PeterLabrecque"
golden-113,634395,@270414 @115913 Hey! I'm here for you and would love to look into your options to upgrade your device. Send me a DM so we can get started. Thank you! https://t.co/3sF8qpf2nx *AlissaFast
golden-114,636378,"@249571 Go ahead and send me a DM and I’ll look into the resolution with you here. 
https://t.co/H4MZKbOYCn *IzzyMint"
golden-115,641336,@272194 @115913 Correct. The promotion is only with adding a line. *AndrewPelton
golden-116,644264,@272924 T-Force is here for you 24/7. :) Please DM us if you need anything. https://t.co/NICrRPn7OP *SierraRichards
golden-117,645468,@273231 I'd love to answer all questions! Meet me in DM :) https://t.co/BXDdporH4e *JenniferRivera
golden-118,664901,@278467 OH wowzer!! Super strange things that you're seeing. Not to worry! T-Force is on the case. DM me up and lets chat. https://t.co/cYAShZx2fF *PoxMaphixat
golden-119,676441,@281354 @115913 Great question! You can check out our current Black Friday offers here: https://t.co/aIZPWLwowe. We've got some pretty stellar BOGO's to scoop up! https://t.co/EdLkYIfmTn *MariahDaigle
golden-120,676446,"@139905 @115913 We're here for you and want to turn this experience around, Mark. Please DM us: https://t.co/cuEwtd2epS *DanKing"
golden-121,677192,@489740 Hey Se'Von! Why's that? Send us a DM so we can take a look at this together for you :) *TerriL
golden-122,677194,"@490414 Whoa. We definitely want you to get the most out of your service, Anthony. Please DM us. We're happy to help. *GiselleM"
golden-123,677229,@673353 Oh no Henry! Send us a DM with the details so we can get this straightened out! *KittyG
golden-124,680107,"@148134 Hey there! That's great that you're SUCH a loyal T-Mobile customer, I am more than happy and capable of looking into the price of the iPhone 8 for you if you would like? 😊 *JordanT"
golden-125,680915,"@282487 Whoa, Jailee! We want you to be able to have the best experience with us! Please send over a DM and let's take a look at what we can do for you. We are here to help! *BrookeK"
golden-126,698206,"@286560 Hey Tweety, let's check that out. DM us, we want to make sure your billing is always correct. *JoanO"
golden-127,704095,@288233 Thanks for your patience Lynnette! Let's make sure you can share pictures of your food and family today! Send us a DM and we'll check it out! https://t.co/vv9JsrbUOZ *AbigailRoach
golden-128,717299,@291729 We're here to help! Shoot us a DM and we'll get things taken care of! https://t.co/lOqKyE0PXQ *ReillyLeritz
golden-129,717675,"@291845 @115913 We'll get to the bottom of this together, message me by clicking my picture https://t.co/Nr93OTtXRx *TaylorBest"
golden-130,721890,@208672 @115913 Of course! Thank you for reaching out! https://t.co/lH0SH5fy2m *MikeRice
golden-131,739946,@296956 We have a lot of Hotspot plans! 🤝 DM me at ➡ https://t.co/m0OQWGlE4J 📲 Let's talk more about it! 😎 *SamoAljasim
golden-132,744428,@297995 @115913 JOD pricing isn't available just yet. Stay tuned and we'll hear more as it gets closer to launch! *RachaelTansey
golden-133,746166,@298376 Thanks for tweeting us again today! DM me and let's troubleshoot some more! https://t.co/86MicZnF9C *WarrenCamp
golden-134,746402,@218558 We'd be happy to break your bill down in detail with you. DM us and we'll go over it together. *KananiB
golden-135,747949,"@298793 Yikes! I never want you feeling this way, Haydee. What happened? DM us here with more info to assist you. *ValerieP"
golden-136,753103,@299994 We can't have that! Phone is bae and I know better than anyone! DM us so we can check out your options! *WhitneyJ
golden-137,768701,"@303578 We've got you covered, send us a DM and we'll make it happen! *Bert Louis"
golden-138,779038,"@306043 Oh no! I'm here to help, Ken! Send me a DM &amp; let me make this happen for you! *AlexKimbrell https://t.co/GefRnVHVqu"
golden-139,779090,"@306061 Got it! Working on my response now, and it'll be on it way in a moment! *LizRackliff"
golden-140,779092,@306061 We definitely want to make sure your account is set up the way that you need it! DM me to get started. https://t.co/GfMqTm3Joc *LizRackliff
golden-141,797713,@310193 @115913 We'd love to have you on #TeamMagenta. DM me and we'll check out your location https://t.co/Nr93OTtXRx *TaylorBest
golden-142,797739,"@326273 @115913 Too much to define within a character limit, check it out here: https://t.co/cCRIl0Fcnu *TaylorBest"
golden-143,803270,@184741 Thanks for the DM! I'll meet you back there. :) *KurtMartin
golden-144,810995,"@313242 That's not an option, Kyle, but we can see what your options are! DM us and we'll get started! *WhitneyJ"
golden-145,812632,"@205430 If you do change your mind, just shoot me a DM :) *FeliciaPorter"
golden-146,813051,@313739 @115913 With it not being sold by T-Mobile there would not be a way to JUMP to it. *DanKing
golden-147,817442,"@314703 We'd love to check out your options, Karez. Please click this link to send us a Direct Message: https://t.co/cuEwtd2epS *DanKing"
golden-148,824240,@143700 Beautiful.   Please reach out to us if you need any additional assistance. We are here for you 24 hours a day! *LisaMarieArnold
golden-149,826769,"@316937 Stick with us, Kathy! What's got you contemplating other carriers? *ChanneyT"
golden-150,852714,@197867 We have some great new phones to get you all the best #MagentaCoverage everywhere! Meet me back in DM so we can chat! *DonaldConstable
golden-151,856876,@323479 I sent a DM your way. I'll meet you there. *HollyAdams
golden-152,860971,@324443 Ouchhhhh! Where's the love? Are you a T-Mobile customer? Send us a DM so we can get this turned around. *ElleA
golden-153,861746,@563533 @115913 We're all about making sure you're on the right plan for you. DM us and we'll chat options: https://t.co/cuEwtd2epS *DanKing
golden-154,870615,@326718 T-Mobile US is here for to help with any US account concerns or to help get you in the right direction for assistance! *Ashley Lingley
golden-155,875271,"@327813 Whoa, Denzel! Please send us a DM and allow us to further assist you and tackle this! We are here to help! *BrookeK"
golden-156,875546,"@327883 Thank you for your service! Lots of crazy things going on in our world, takes a lot to be that hero! Thanks for k... https://t.co/qj9Ujuvx6w"
golden-157,876743,@328152 You can rely on me to take a look for you! Click on my profile to DM me: https://t.co/TVma9yY2zi *TJEllwood
golden-158,878152,@328461 Oh no! Please shoot us DM if you need us ! *TaylorMichaels
golden-159,880346,@245341 @115913 We're happy to help make sure you use JoD. DM us so we can help! https://t.co/5bqVYFp5Vy *JamieEnglish
golden-160,880467,"@329048 @115913 We'll be with you via DM mometarily, thanks! :) https://t.co/62aD1VBovp *TJJones"
golden-161,883611,@329825 We can help you here with getting the device ordered. *JasmineS
golden-162,889933,"@204245 We'd love to address any issue you have, Mark. Please DM when you are ready for us to do so. https://t.co/Qz0L1xpZB7 *MikePerez"
golden-163,892482,"@205160 I'd love to provide you a comprehensive answer! Unfortunately, this character limit is holding back the true potential of my help! *PhungDao"
golden-164,894087,"@332172 Hey! DM is  a direct message! If you go to our profile, click the envelope to type a message or click: https://t.co/rIZzKwKb2m *KurtMartin"
golden-165,899031,@161322 @115913 No news yet! #StayTuned *HollyAdams
golden-166,899749,"@333614 @115913 We want the best signal experience possible for you, Moritz. Please DM us. https://t.co/lH0SH5fy2m *MikeRice"
golden-167,899820,"@173071 @115913 We want to get you reconnected, Stepen. Please DM us. https://t.co/lH0SH5fy2m *MikeRice"
golden-168,906786,"@335308 Ah man, those speeds are not what we love to see! Send us a DM and we'll get them up to speed! *ChanneyT"
golden-169,925226,"@339557 @115913 Let's dive in and check out that area, Mary. Please send a DM our way. https://t.co/lH0SH5fy2m *MikeRice"
golden-170,929490,"@340532 @115913 Awesome! I sent you a DM, so please reply to me at your earliest convenience. *AshleyNelson"
golden-171,934174,"@290883 @115913 Congratulations, Cindy! Please send a DM my way and I'll get your details! https://t.co/lH0SH5fy2m *MikeRice"
golden-172,934805,"@341744 Yikes, Noris! We definitely want to get this turned around! Shoot me a DM, so we can chat! https://t.co/s9b5I4qxPp *JamiePitcher"
golden-173,943022,"@343562 Yikes! We certainly don't want to lose you, Nazim! Send us a DM so we can dive into things! https://t.co/Qz0L1xpZB7 *MikePerez"
golden-174,948112,"@344847 Hey, Stefania! I love to chat with you about your data! Send me a DM to get started! https://t.co/diKAFssR7H *SophyaBates"
golden-175,948615,"@178255 We are always here to help! If you need anything, just send us a DM! *SonjaKett"
golden-176,948658,"@511971 What's the matter, Frankie? Need assistance getting this new device? DM us so we can check out your options! *WhitneyJ"
golden-177,953708,@655850 That is an excellent question! Can you please DM me via this link https://t.co/A2kWVVGFXO so we can talk? *JonathanMacInnes
golden-178,953760,"@346286 We want to make sure you understand how this promotion works, if you need us to clarify at all. Send us a DM and we can assist. *ChanneyT"
golden-179,953911,@346345 We'll get you back up and running asap! Send us a DM: https://t.co/xKrpoFD6ya We got your back! *ColleenLicudine
golden-180,960851,@274310 I see your DM my friend and I am replying to you now. Your #MagentaHero is on the way! *KyleVesely
golden-181,961275,"@348122 Thanks, Corey! I've responded and will meet you back there. I appreciate you! https://t.co/ZxXpYRedaq *NicholasTomchik"
golden-182,964558,@348934 @115913 The iPhone X is fully compatible with the T-Mobile LTE network but does not support the new 600MHz spectrum. *MikeRice
golden-183,969999,"@302538 I certainly am my friend, shoot me a DM and I'll help out! 😄 👌 https://t.co/soWScqBSGm *JohnAnderson"
golden-184,974587,@351120 Shoot us a DM and we can get one ordered for you!! *KittyG
golden-185,975901,"@351442 Hey! My name is Rose, definitely not a ""bot"". :) DM me if you have any questions! Always glad to help! :) https://t.co/LNUbmWfmEy *RoseAdams"
golden-186,978708,"@352116 @115913 We're here for you, Steve. Please DM us what's going on and where. We want the best for you: https://t.co/cuEwtd2epS *DanKing"
golden-187,984044,@177690 Send us a DM and we can go over details! https://t.co/WZM6cbcgHU *JonPorter
golden-188,994765,@355634 We need you to be in the know when it comes to your billing moments. Send us a DM and let us check this out. *JeremyJ
golden-189,995386,@355790 Making a payment with ease is crucial! I've got your back! DM me to get started :) https://t.co/jaHSC7DwkH *JacintaJenkins
golden-190,1001504,@357085 Hey Andrew! Thanks for alerting us! We want to have accurate info for ya - I'll bubble this up right away! *HillaryTurner
golden-191,1001512,@357089 Sounds like we need to get you set up with unlimited data! DM us so we can chat! *ElleA
golden-192,1013293,@157326 I see your DM and I will be right there :) *KirstenHartford
golden-193,1015384,@150487 Haha that is an amazing picture! &lt;3 *JohnKuhn
golden-194,1023246,@362148 Hey Ashanty! Remember me? 😊 Feel free to DM me ➡ https://t.co/m0OQWGlE4J #TForce got your back! 💪 *SamoAljasim
golden-195,1023366,@362179 Absolutely! I just responded to your DM so I will work with you there :) Thank you so much! *TylerRoquemore
golden-196,1026453,@362058 @115913 Hi! Our team is her for you and we'd love to meet you have in DM. Thank you! *AlissaFast
golden-197,1030243,@261158 Send us a DM and I'd be happy to discuss any concerns about your account! https://t.co/kc7O8gvmk3 *ClarrizzeHarkins
golden-198,1036023,"@365058 Send me a DM, and I'll get that taken care of! https://t.co/zXrDYDCnIa *Bridget Wren"
golden-199,1036027,"@364540 @115913 My team and I are on standby ready to help, DM me https://t.co/Nr93OTtXRx *TaylorBest"
golden-200,1036962,@365310 @115913 What if I told you T-Mobile has had monthly installment plans since 2013? Check out every reason why you should switch today right here https://t.co/cCRIl0Fcnu and send me a DM with any questions! https://t.co/PUCbqyZK4U *RachaelTansey
